variant_id,gene_symbol,chromosome,position_grch38,ref_allele,alt_allele,variant_type,rsid,consequence,protein_change,dbsnp_id,clinvar_id,clinvar_significance,hgmd_id,omim_id,disease_association,phenotype_category,mode_of_inheritance,population,gnomad_AF_global,gnomad_AF_african,gnomad_AF_east_asian,gnomad_AF_european,gnomad_AF_south_asian,gnomad_AF_latino,cadd_score,sift_prediction,sift_score,polyphen2_prediction,polyphen2_score,revel_score,spliceai_score,loeuf,pli_score,phylop_score,gerp_score,conservation_score,biomarker_type,biomarker_validated,cancer_driver,tumor_suppressor,oncogene,functional_impact,expression_change_fold,methylation_change_pct,copy_number_variation,fusion_partner,pathway,go_biological_process,drug_target,drug_name,drug_response_type,clinical_actionability,tier,evidence_level,sample_count_cases,sample_count_controls,odds_ratio,beta_effect,se_effect,p_value_gwas,p_value_functional,population_attributable_risk_pct,sibling_risk_ratio,heritability_pct,age_of_onset_mean,penetrance_pct,expressivity,biobank,cohort_name,study_type,ancestry,sequencing_platform,sequencing_depth,variant_qc_pass
GV-001,BRCA1,17,43094692,G,A,SNV,rs80357065,Stop gained,p.Gln563Ter,rs80357065,ClinVar:17661,Pathogenic,CM920340,113705,Breast/Ovarian Cancer,Neoplastic,Autosomal Dominant,European,0.00012,0.000008,0.000004,0.00018,0.000006,0.000011,38.4,Deleterious,0.001,Probably Damaging,0.999,0.98,0.0,0.17,0.99,8.42,5.89,0.98,Predictive/Prognostic,Yes,Yes,Yes,No,Loss of Function,−2.8,12.4,No,NA,DNA Repair/Homologous Recombination,DNA repair,Yes,Olaparib,Sensitivity,High,Tier I,A,8234,41234,12.4,0.89,0.12,2.3e-128,1.2e-18,8.4,4.2,72.4,42.1,72.4,Variable,UKBB,UK Biobank Breast Cancer Study,Case-Control,European,Illumina WGS,30x,Yes
GV-002,BRCA2,13,32340301,T,A,SNV,rs80359550,Stop gained,p.Lys2350Asn,rs80359550,ClinVar:52101,Pathogenic,CM117118,600185,Breast/Ovarian/Pancreatic Cancer,Neoplastic,Autosomal Dominant,European,0.000089,0.000005,0.000003,0.000134,0.000004,0.000008,36.2,Deleterious,0.001,Probably Damaging,0.998,0.97,0.0,0.19,0.98,8.21,5.64,0.97,Predictive/Prognostic,Yes,Yes,Yes,No,Loss of Function,−3.1,14.2,No,NA,DNA Repair/Homologous Recombination,DNA repair,Yes,Olaparib/Niraparib,Sensitivity,High,Tier I,A,6123,38412,9.8,0.84,0.13,4.5e-112,2.8e-16,6.2,3.8,68.4,44.2,68.4,Variable,UKBB,UK Biobank Breast Cancer Study,Case-Control,European,Illumina WGS,30x,Yes
GV-003,TP53,17,7674220,G,A,SNV,rs28934578,Missense,p.Arg248Trp,rs28934578,ClinVar:12375,Pathogenic,CM890001,191170,Li-Fraumeni Syndrome/Pan-cancer,Neoplastic,Autosomal Dominant,Pan-ethnic,0.0000034,0.0000021,0.0000018,0.0000041,0.0000019,0.0000023,42.1,Deleterious,0.0,Probably Damaging,1.0,0.99,0.0,0.02,1.0,9.84,6.42,0.99,Diagnostic/Prognostic,Yes,Yes,Yes,No,Dominant Negative/GoF,1.4,−2.1,No,NA,Apoptosis/Cell Cycle,Apoptotic process,Yes,Multiple,Resistance,High,Tier I,A,12341,89234,18.4,1.24,0.08,1.2e-312,8.4e-42,12.1,8.4,89.2,28.4,72.4,High,TCGA,Pan-Cancer Atlas,Tumor Sequencing,Pan-ethnic,Illumina WGS,80x,Yes
GV-004,EGFR,7,55191822,G,T,SNV,rs121434568,Missense,p.Leu858Arg,rs121434568,ClinVar:16609,Pathogenic,CM084910,131550,Non-Small Cell Lung Cancer,Neoplastic,Somatic,East Asian,0.0000012,0.0,0.0000028,0.0000008,0.0000015,0.000001,38.9,Deleterious,0.001,Probably Damaging,0.998,0.96,0.0,0.14,0.97,7.84,5.21,0.96,Predictive,Yes,Yes,No,Yes,Gain of Function,4.2,−8.4,No,NA,MAPK/EGFR Signaling,Cell proliferation,Yes,Erlotinib/Osimertinib,Sensitivity,High,Tier I,A,4123,38234,42.4,1.89,0.09,2.8e-218,4.2e-31,18.4,NA,NA,NA,NA,High,TCGA,TCGA LUAD,Tumor Sequencing,East Asian,Illumina WES,100x,Yes
GV-005,KRAS,12,25245351,C,A,SNV,rs121913529,Missense,p.Gly12Val,rs121913529,ClinVar:12582,Pathogenic,CM101191,190070,Colorectal/Pancreatic/Lung Cancer,Neoplastic,Somatic,Pan-ethnic,0.0000008,0.0000004,0.0000006,0.000001,0.0000007,0.0000009,42.8,Deleterious,0.0,Probably Damaging,1.0,0.99,0.0,0.04,1.0,9.12,6.21,0.99,Predictive/Prognostic,Yes,Yes,No,Yes,Gain of Function,3.8,−6.2,No,NA,RAS/MAPK Signaling,Cell proliferation,Yes,Sotorasib (G12C only),Resistance/Sensitivity,High,Tier I,A,18234,92341,24.2,1.42,0.07,8.4e-284,1.8e-38,22.4,NA,NA,NA,NA,High,TCGA,TCGA CRC,Tumor Sequencing,Pan-ethnic,Illumina WES,80x,Yes
GV-006,APOE,19,44908684,C,T,SNV,rs429358,Missense,p.Cys112Arg,rs429358,ClinVar:17848,Risk Factor,NA,107741,Alzheimer's Disease,Neurological,Complex/Polygenic,European,0.154,0.192,0.072,0.141,0.082,0.089,12.4,Tolerated,0.34,Benign,0.12,0.14,0.0,0.62,0.12,4.21,2.84,0.68,Risk Stratification,Yes,No,No,No,Altered Protein Function,0.8,2.4,No,NA,Lipid Metabolism/Neurodegeneration,Lipid metabolic process,No,NA,Risk Factor,High,Tier II,B,18234,89234,4.2 (ε4/ε4),0.42,0.04,8.4e-312,2.8e-48,18.4,2.8,58.4,72.4,32.4,Variable,ADNI,Alzheimer's Disease Neuroimaging Initiative,GWAS+Longitudinal,European,Illumina GWAS Array,NA,Yes
GV-007,FLT3,13,28034098,A,T,SNV,rs121913471,Internal Tandem Duplication,p.ITD,rs121913471,ClinVar:13329,Pathogenic,NA,136351,Acute Myeloid Leukemia,Neoplastic,Somatic,Pan-ethnic,0.0,0.0,0.0,0.0,0.0,0.0,36.4,Deleterious,0.001,Probably Damaging,0.991,0.94,0.0,0.08,0.98,8.12,5.48,0.95,Predictive/Prognostic,Yes,Yes,No,Yes,Gain of Function,5.8,NA,No,NA,FLT3 Signaling/Hematopoiesis,Hematopoietic development,Yes,Midostaurin/Gilteritinib,Sensitivity,High,Tier I,A,2834,28234,8.4,0.98,0.12,4.2e-124,8.4e-18,24.2,NA,NA,42.4,48.4,Variable,BEAT-AML,Beat AML Master Trial,Tumor Sequencing,Pan-ethnic,Illumina WES,200x,Yes
GV-008,CFTR,7,117548628,ATC,A,Deletion,rs75527207,Frameshift,p.Phe508del,rs75527207,ClinVar:7107,Pathogenic,CD921284,219700,Cystic Fibrosis,Respiratory/Digestive,Autosomal Recessive,European,0.0214,0.0008,0.0004,0.0341,0.0006,0.0089,32.1,Deleterious,0.0,Probably Damaging,0.998,0.97,0.0,0.12,0.99,8.42,5.84,0.98,Diagnostic/Predictive,Yes,No,No,No,Loss of Function,−4.2,8.4,No,NA,Ion Transport,Anion transport,Yes,Ivacaftor/Lumacaftor/Elexacaftor,Sensitivity,High,Tier I,A,4123,198234,NA,NA,NA,NA,4.8e-312,2.4,12.4,89.2,12.4,92.4,Complete,CFF,CF Foundation Registry,Case-Control,European,Illumina WGS,30x,Yes
GV-009,HBB,11,5246696,T,A,SNV,rs334,Missense,p.Glu7Val,rs334,ClinVar:15126,Pathogenic,CM940008,603903,Sickle Cell Disease,Hematological,Autosomal Recessive,African,0.034,0.082,0.0001,0.0002,0.0012,0.0041,28.4,Deleterious,0.001,Probably Damaging,0.997,0.96,0.0,0.24,0.99,8.12,5.42,0.97,Diagnostic,Yes,No,No,No,Structural Change,−1.2,4.2,No,NA,Oxygen Transport/Hemoglobin,Oxygen binding,Yes,Voxelotor/Crizanlizumab,Response,High,Tier I,A,8234,82341,NA,NA,NA,NA,1.2e-412,8.4,18.4,89.2,8.4,100.0,Complete,Sickle Cell 100K,Genomics England,Case-Control,African,Illumina WGS,30x,Yes
GV-010,SCN1A,2,165990905,C,T,SNV,rs121917970,Missense,p.Arg1648His,rs121917970,ClinVar:9650,Pathogenic,CM020192,182389,Dravet Syndrome/GEFS+,Neurological,Autosomal Dominant,European,0.0000012,0.0,0.0000008,0.0000018,0.0000006,0.0000009,38.2,Deleterious,0.0,Probably Damaging,0.999,0.98,0.0,0.06,0.99,9.12,6.12,0.99,Diagnostic/Predictive,Yes,No,No,No,Loss of Function,−3.4,6.2,No,NA,Ion Channel/Neuronal Excitability,Sodium ion transport,Yes,Cannabidiol/Fenfluramine,Sensitivity,High,Tier I,A,1234,48234,NA,NA,NA,NA,8.4e-89,4.2,8.4,82.4,2.4,80.4,Variable,GeneDx,Rare Disease Consortium,Case-Control,European,Illumina WGS/WES,30x,Yes
GV-011,MLH1,3,37067384,G,A,SNV,rs63751874,Stop gained,p.Arg265Ter,rs63751874,ClinVar:12368,Pathogenic,CM002138,120436,Lynch Syndrome/Colorectal Cancer,Neoplastic,Autosomal Dominant,European,0.000041,0.0000028,0.0000015,0.000061,0.0000019,0.0000032,36.8,Deleterious,0.0,Probably Damaging,0.999,0.97,0.0,0.14,0.99,8.24,5.68,0.98,Predictive/Diagnostic,Yes,Yes,Yes,No,Loss of Function/MSI,−2.8,12.4,No,NA,Mismatch Repair,DNA repair,Yes,Pembrolizumab,Sensitivity,High,Tier I,A,3412,48234,8.4,0.78,0.11,4.8e-98,2.4e-14,6.4,4.8,72.4,48.4,62.4,Variable,CCFR,Colon Cancer Family Registry,Case-Control,European,Illumina WGS,30x,Yes
GV-012,PTEN,10,89692905,C,T,SNV,rs121909219,Nonsense,p.Arg130Ter,rs121909219,ClinVar:12539,Pathogenic,CM003281,158350,Cowden Syndrome/PTEN Hamartoma,Neoplastic,Autosomal Dominant,European,0.0000089,0.0000042,0.0000021,0.0000134,0.0000018,0.0000028,40.2,Deleterious,0.0,Probably Damaging,1.0,0.99,0.0,0.05,1.0,9.42,6.28,0.99,Predictive/Diagnostic,Yes,Yes,Yes,No,Loss of Function,−3.8,14.2,No,NA,PI3K/AKT Signaling,Phospholipid metabolism,Yes,Everolimus,Sensitivity,High,Tier I,A,1234,38234,12.4,0.92,0.14,2.8e-78,4.2e-12,4.2,6.2,74.4,42.4,64.4,Variable,Invitae,Hereditary Cancer Cohort,Case-Control,European,Illumina WGS,30x,Yes
GV-013,CYP2D6,22,42126499,G,A,SNV,rs3892097,Splice Region,p.Splice,rs3892097,ClinVar:NA,Likely Pathogenic,NA,124030,Codeine Toxicity/Drug Metabolism,Pharmacogenomic,Complex,European,0.182,0.048,0.021,0.224,0.018,0.084,18.4,Tolerated,0.12,Benign,0.08,0.18,0.82,0.48,0.18,3.84,2.42,0.72,Predictive (PGx),Yes,No,No,No,Poor Metabolizer,−5.4,NA,No,NA,Drug Metabolism/CYP450,Xenobiotic metabolism,Yes,Codeine/Tramadol/Tamoxifen,Toxicity/Efficacy,High,Tier I,A,8234,82341,NA,NA,NA,NA,2.4e-214,12.4,NA,NA,NA,NA,Variable,CPIC,CPIC Pharmacogenomics Database,Meta-analysis,European,Illumina WGS,30x,Yes
GV-014,DPYD,1,97981395,C,T,SNV,rs3918290,Splice Region,p.IVS14+1G>A,rs3918290,ClinVar:21443,Pathogenic,CM000112,274270,5-FU Toxicity,Pharmacogenomic,Autosomal Recessive,European,0.0089,0.0023,0.0012,0.0134,0.0018,0.0042,32.4,Deleterious,0.002,Probably Damaging,0.994,0.96,0.98,0.24,0.96,7.84,5.12,0.95,Predictive (PGx),Yes,No,No,No,Loss of Function,−6.2,NA,No,NA,Pyrimidine Catabolism,Drug metabolism,Yes,5-Fluorouracil/Capecitabine,Severe Toxicity,High,Tier I,A,1823,89234,NA,NA,NA,NA,8.4e-134,4.8,NA,NA,NA,NA,Complete,CPIC,DPYD Working Group,Meta-analysis,European,Illumina WGS,30x,Yes
GV-015,TPMT,6,18143764,G,A,SNV,rs1800460,Missense,p.Ala154Thr,rs1800460,ClinVar:13831,Pathogenic,NA,187680,Thiopurine Toxicity,Pharmacogenomic,Autosomal Recessive,European,0.0424,0.0189,0.0089,0.0589,0.0142,0.0234,22.4,Tolerated,0.08,Possibly Damaging,0.62,0.48,0.0,0.42,0.52,5.12,3.42,0.82,Predictive (PGx),Yes,No,No,No,Intermediate Metabolizer,−2.8,NA,No,NA,Thiopurine Metabolism,Drug metabolism,Yes,Azathioprine/6-Mercaptopurine,Toxicity,High,Tier I,A,4123,89234,NA,NA,NA,NA,2.8e-218,8.4,NA,NA,NA,NA,Variable,CPIC,TPMT Working Group,Meta-analysis,European,Illumina WGS,30x,Yes
GV-016,TTN,2,178807423,C,T,SNV,rs727502907,Missense,p.Arg25548Cys,rs727502907,ClinVar:191263,Likely Pathogenic,NA,188840,Dilated Cardiomyopathy,Cardiovascular,Autosomal Dominant,European,0.0000234,0.0000128,0.0000089,0.0000312,0.0000102,0.0000178,28.4,Deleterious,0.02,Probably Damaging,0.982,0.89,0.0,0.28,0.89,7.12,4.84,0.92,Diagnostic/Prognostic,Yes,No,No,No,Haploinsufficiency,−1.8,4.2,No,NA,Sarcomere/Cytoskeleton,Cardiac muscle contraction,No,NA,NA,Moderate,Tier II,B,2341,48234,6.8,0.68,0.12,4.2e-68,8.4e-10,4.2,3.4,58.4,38.4,48.4,Variable,HCMR,Hypertrophic Cardiomyopathy Registry,Case-Control,European,Illumina WGS,30x,Yes
GV-017,LDLR,19,11089461,G,A,SNV,rs28942079,Missense,p.Cys329Tyr,rs28942079,ClinVar:17890,Pathogenic,CM000012,606945,Familial Hypercholesterolemia,Cardiovascular,Autosomal Dominant,European,0.0000089,0.0000034,0.0000021,0.0000134,0.0000028,0.0000042,34.2,Deleterious,0.001,Probably Damaging,0.997,0.95,0.0,0.16,0.98,8.12,5.42,0.97,Diagnostic/Predictive,Yes,No,No,No,Loss of Function,−2.4,6.8,No,NA,LDL Receptor/Cholesterol Metabolism,Cholesterol homeostasis,Yes,Statins/Evolocumab,Sensitivity,High,Tier I,A,5234,89234,8.2,0.82,0.10,8.4e-104,2.8e-16,6.8,4.2,68.4,32.4,64.4,Variable,FHSC,FH Studies Collaboration,Meta-analysis,European,Illumina WGS,30x,Yes
GV-018,BRAF,7,140453136,A,T,SNV,rs113488022,Missense,p.Val600Glu,rs113488022,ClinVar:13961,Pathogenic,CM065951,164757,Melanoma/CRC/Thyroid Cancer,Neoplastic,Somatic,Pan-ethnic,0.0000004,0.0,0.0000003,0.0000006,0.0000002,0.0000003,48.2,Deleterious,0.0,Probably Damaging,1.0,0.99,0.0,0.03,1.0,9.84,6.78,0.99,Predictive/Prognostic,Yes,Yes,No,Yes,Gain of Function,6.2,−10.4,No,NA,MAPK/ERK Signaling,Cell proliferation,Yes,Vemurafenib/Dabrafenib,Sensitivity,High,Tier I,A,14234,98234,48.4,2.12,0.08,2.4e-412,8.4e-62,28.4,NA,NA,NA,NA,High,TCGA,TCGA SKCM,Tumor Sequencing,Pan-ethnic,Illumina WES,100x,Yes
GV-019,G6PD,X,154535341,G,A,SNV,rs1050829,Missense,p.Ile201Asn,rs1050829,ClinVar:10711,Pathogenic,CM960041,305900,G6PD Deficiency/Hemolytic Anemia,Hematological,X-linked Recessive,African,0.142,0.231,0.0042,0.0018,0.0084,0.0312,24.2,Deleterious,0.02,Probably Damaging,0.978,0.88,0.0,0.48,0.78,6.84,4.42,0.89,Diagnostic/PGx,Yes,No,No,No,Loss of Function,−4.8,NA,No,NA,Pentose Phosphate Pathway,Oxidative stress response,No,Primaquine/Rasburicase,Severe Toxicity,High,Tier I,A,8234,82341,NA,NA,NA,NA,4.2e-312,18.4,NA,NA,NA,NA,Variable,AWI-Gen,African GWAS Initiative,Case-Control,African,Illumina GWAS+WGS,30x,Yes
GV-020,SERPINA1,14,94376747,A,T,SNV,rs28929474,Missense,p.Glu342Lys,rs28929474,ClinVar:16461,Pathogenic,CM000001,107400,Alpha-1 Antitrypsin Deficiency,Respiratory,Autosomal Recessive,European,0.0214,0.0008,0.0004,0.0341,0.0006,0.0089,28.4,Deleterious,0.02,Probably Damaging,0.989,0.92,0.0,0.32,0.94,7.42,4.98,0.94,Diagnostic/Predictive,Yes,No,No,No,Protein Misfolding,−3.2,8.4,No,NA,Protease Inhibition/Lung Protection,Proteolysis regulation,Yes,Alpha-1 Proteinase Inhibitor,Replacement Therapy,High,Tier I,A,3412,89234,NA,NA,NA,NA,8.4e-218,8.4,4.8,82.4,12.4,82.4,Variable,AATD,Alpha-1 Foundation Registry,Case-Control,European,Illumina WGS,30x,Yes
